{
    "accuracy": 0.85,
    "precision": 0.7894736842105263,
    "recall": 0.8823529411764706,
    "f1": 0.8333333333333334,
    "average_confidence": 0.8387499999999999,
    "white_accuracy": 0.8823529411764706,
    "black_accuracy": 0.8260869565217391,
    "roc_auc": 0.9578005115089513,
    "num_games": 40
}